<?xml version="1.0" encoding="UTF-8" standalone="yes"?>
<manifest>
  <control namespace="ItAintBoring.PCFControls" constructor="TreeRelationships" version="0.0.183" display-name-key="Tree Relationships" description-key="Tree Relationships" control-type="standard" api-version="1.1.0">
    <data-set name="tableGrid" display-name-key="Table Grid"/>
    <property name="treeEntityName" display-name-key="Tree Entity Name" description-key="Tree Entity Name" of-type="SingleLine.Text" usage="input" required="false"/>
    <property name="treeEntityAttribute" display-name-key="Tree Entity Lookup Attribute" description-key="Tree Entity Lookup Attribute" of-type="SingleLine.Text" usage="input" required="false"/>
    <property name="nameAttribute" display-name-key="Tree Entity Name Attribute" description-key="Tree Entity Name Attribute" of-type="SingleLine.Text" usage="input" required="false"/>
    <property name="idAttribute" display-name-key="Tree Entity ID Attribute" description-key="Tree Entity ID Attribute" of-type="SingleLine.Text" usage="input" required="false"/>
    <property name="relationshipName" display-name-key="Relationship Name" description-key="Relationship Name" of-type="SingleLine.Text" usage="input" required="false"/>
    <property name="relationshipEntity" display-name-key="Relationship Entity" description-key="Relationship Entity" of-type="SingleLine.Text" usage="input" required="false"/>
    <resources>
      <code path="bundle.js" order="1"/>
      <css path="resources/jstree.style.min.css" order="2"/>
      <img path="resources/40px.png"/>
      <img path="resources/32px.png"/>
      <img path="resources/throbber.gif"/>
    </resources>
    <feature-usage>
      <uses-feature name="WebAPI" required="true"/>
    </feature-usage>
    <built-by name="pac" version="0.2.71"/>
  </control>
</manifest>