<?xml version="1.0" encoding="UTF-8" standalone="yes"?>
<manifest>
  <control namespace="ItAintBoring.PCFControls" constructor="TreeRelationships" version="0.0.62" display-name-key="Tree Relationships" description-key="Tree Relationships" control-type="standard" api-version="1.1.0">
    <property name="value" display-name-key="Value" description-key="Value" of-type="SingleLine.Text" usage="bound" required="true"/>
    <resources>
      <code path="bundle.js" order="1"/>
      <css path="resources/jstree.style.min.css" order="2"/>
      <img path="resources/40px.png"/>
      <img path="resources/32px.png"/>
      <img path="resources/throbber.gif"/>
    </resources>
    <built-by name="pac" version="0.2.71"/>
  </control>
</manifest>