<?xml version="1.0" encoding="UTF-8" standalone="yes"?>
<manifest>
  <control namespace="ItAintBoring.PCFControls" constructor="NToNMultiSelect" version="0.0.109" display-name-key="NToNMultiSelect" description-key="NToNMultiSelect description" control-type="standard" api-version="1.2.1">
    <property name="value" display-name-key="Value" description-key="Value" of-type="SingleLine.Text" usage="bound" required="true"/>
    <property name="linkedEntityName" display-name-key="Linked Entity Name" description-key="Linked Entity Name" of-type="SingleLine.Text" usage="input" required="false"/>
    <property name="nameAttribute" display-name-key="Linked Entity Name Attribute" description-key="Linked Entity Name Attribute" of-type="SingleLine.Text" usage="input" required="false"/>
    <property name="idAttribute" display-name-key="Linked Entity ID Attribute" description-key="Linked Entity ID Attribute" of-type="SingleLine.Text" usage="input" required="false"/>
    <property name="relationshipName" display-name-key="Relationship Name" description-key="Relationship Name" of-type="SingleLine.Text" usage="input" required="false"/>
    <property name="relationshipEntity" display-name-key="Relationship Entity" description-key="Relationship Entity" of-type="SingleLine.Text" usage="input" required="false"/>
    <property name="linkedEntityFetchXmlResource" display-name-key="FetchXml Web Resource" description-key="Optional FetchXml web resource to select linked entity records" of-type="SingleLine.Text" usage="input" required="false"/>
    <feature-usage>
      <uses-feature name="WebAPI" required="true"/>
    </feature-usage>
    <resources>
      <code path="bundle.js" order="1"/>
      <css path="css/select2.min.css" order="2"/>
      <css path="css/pcfsupport.css" order="3"/>
    </resources>
    <built-by name="pac" version="1.1.6"/>
  </control>
</manifest>