<manifest><control namespace="ItAintBoring.PCFControls" constructor="ExternalValidatorControl" version="0.0.26" display-name-key="External Validation Control" description-key="External Validation Control" control-type="standard" api-version="1.2.1"><property name="value" display-name-key="Value" description-key="Value" of-type="SingleLine.Text" usage="bound" required="true" /><property name="errorMessage" display-name-key="Error Message" description-key="Error Message" of-type="SingleLine.Text" usage="input" required="false" /><property name="regEx" display-name-key="Regular Expression" description-key="Regular Expression" of-type="SingleLine.Text" usage="input" required="false" /><resources><code path="bundle.js" order="26" /></resources><built-by name="pac" version="1.1.6" /></control></manifest>