<manifest><control namespace="ItAintBoring.PCFControls" constructor="ValueFormatter" version="0.0.264" display-name-key="Value Formatter" description-key="Value Formatter" control-type="standard"><type-group name="text"><type>SingleLine.Text</type><type>SingleLine.Email</type><type>SingleLine.Phone</type><type>SingleLine.TextArea</type><type>SingleLine.URL</type><type>Multiple</type></type-group><property name="value" display-name-key="Value" description-key="Value" of-type-group="text" usage="bound" required="true" /><property name="characterCase" display-name-key="Character Case" description-key="Character Case (none/uppsercase/lowercase)" of-type="SingleLine.Text" usage="input" required="false" default-value="uppercase" /><resources><code path="bundle.js" order="1" /></resources></control></manifest>