<?xml version="1.0" encoding="UTF-8" standalone="yes"?>
<manifest>
  <control namespace="ItAintBoring.PCFControls" constructor="IFrameControl" version="0.0.52" display-name-key="IFrameControl" description-key="IFrameControl description" control-type="standard" api-version="1.2.1">
    <property name="value" display-name-key="Anchor Property" description-key="Anchor Property to use for IFrame renderign" of-type-group="AnyType" usage="bound" required="true"/>
    <property name="src" display-name-key="IFrame Src" description-key="IFrame Src" of-type="SingleLine.Text" usage="input" required="true"/>
    <property name="height" display-name-key="IFrame Height" description-key="IFrame Height" of-type="SingleLine.Text" usage="input" required="true"/>
    <type-group name="AnyType">
      <type>Whole.None</type>
      <type>Currency</type>
      <type>FP</type>
      <type>Decimal</type>
      <type>SingleLine.Text</type>
      <type>Multiple</type>
    </type-group>
    <resources>
      <code path="bundle.js" order="1"/>
      <css path="css/iframecontrol.css" order="2"/>
    </resources>
    <built-by name="pac" version="1.1.6"/>
  </control>
</manifest>