<?xml version="1.0" encoding="UTF-8" standalone="yes"?>
<manifest>
  <control namespace="ItAintBoring.PCFControls" constructor="ITAFileDownloadButton" version="0.0.9" display-name-key="ITAFileDownloadButton" description-key="ITAFileDownloadButton description" control-type="standard" api-version="1.2.3">
    <property name="value" display-name-key="Anchor Property" description-key="Anchor Property to use for download button renderign" of-type-group="AnyType" usage="bound" required="true"/>
    <property name="ButtonTitle" display-name-key="Button Title" description-key="Title" of-type="SingleLine.Text" usage="input" required="true"/>
    <property name="DownloadUrlP1" display-name-key="Download Url Part 1" description-key="Download Url Part 1" of-type="SingleLine.Text" usage="input" required="true"/>
    <property name="DownloadUrlP2" display-name-key="Download Url Part 2" description-key="Download Url Part 2" of-type="SingleLine.Text" usage="input" required="false"/>
    <property name="DownloadUrlP3" display-name-key="Download Url Part 3" description-key="Download Url Part 3" of-type="SingleLine.Text" usage="input" required="false"/>
    <property name="HttpMethodName" display-name-key="Http Method Name" description-key="Http Method Name" of-type="SingleLine.Text" usage="input" required="true"/>
    <property name="FileNameTemplate" display-name-key="File Name Template" description-key="File Name Template" of-type="SingleLine.Text" usage="input" required="true"/>
    <type-group name="AnyType">
      <type>Whole.None</type>
      <type>Currency</type>
      <type>FP</type>
      <type>Decimal</type>
      <type>SingleLine.Text</type>
      <type>Multiple</type>
    </type-group>
    <resources>
      <code path="bundle.js" order="9"/>
      <css path="css/bootstrap.min.css" order="50"/>
    </resources>
    <built-by name="pac" version="1.3.6"/>
  </control>
</manifest>