<?xml version="1.0" encoding="utf-116" ?>
<manifest>
  <control namespace="ItAintBoring.PCFControls" constructor="CheckBoxList" version="0.0.254" display-name-key="CheckBox List" description-key="CheckBox List" control-type="standard">
    <!-- property node identifies a specific, configurable piece of data that the control expects from CDS -->
    <data-set name="tableGrid" display-name-key="Table Grid" >
	<!--cds-data-set-options="displayIndex:true;displayCommandBar:true;displayViewSelector:false;displayQuickFind:false"-->
	  </data-set>
	<property name="optionsMapping" display-name-key="Options Mapping" description-key="Options Mapping" of-type="SingleLine.Text" usage="input" required="true" default-value="True:True;False:False" />
	
	
	<!-- 
      Property node's of-type attribute can be of-type-group attribute. 
      Example:
      <type-group name="numbers">
        <type>Whole.None</type>
        <type>Currency</type>
        <type>FP</type>
        <type>Decimal</type>
      </type-group>
      <property name="sampleProperty" display-name-key="Property_Display_Key" description-key="Property_Desc_Key" of-type-group="numbers" usage="bound" required="true" />
    -->
    <resources>
      <code path="index.ts" order="116"/>
	  <css path="css/CheckBoxList.css" order="115" />
	  <!--<css path="css/TimePicker.css" order="114" />-->
      <resx path="strings/CheckBoxList.1033.resx" version="1.0.0" />
      <!-- UNCOMMENT TO ADD MORE RESOURCES
      <css path="css/CheckBoxList.css" order="116" />
      <resx path="strings/CheckBoxList.1033.resx" version="1.0.0" />
      -->
    </resources>
  </control>
</manifest>
