<?xml version="1.0" encoding="UTF-8" standalone="yes"?>
<manifest>
  <control namespace="ItAintBoring.PCFControls" constructor="CheckBoxList" version="0.0.35" display-name-key="CheckBox List" description-key="CheckBox List" control-type="standard">
    <data-set name="tableGrid" display-name-key="Table Grid"/>
    <resources>
      <code path="bundle.js" order="35"/>
      <css path="CheckBoxList.css" order="35"/>
      <resx path="CheckBoxList.1033.resx" version="1.0.0"/>
    </resources>
  </control>
</manifest>