<ImportExportXml xmlns:xsi="http://www.w3.org/2001/XMLSchema-instance">
  <Entities></Entities>
  <Roles></Roles>
  <Workflows></Workflows>
  <FieldSecurityProfiles></FieldSecurityProfiles>
  <Templates />
  <EntityMaps />
  <EntityRelationships />
  <OrganizationSettings />
  <optionsets />
  <CustomControls>
    <CustomControl>
      <Name>ita_ItAintBoring.PCFControls.ExternalValidatorControl</Name>
      <FileName>/Controls/ita_ItAintBoring.PCFControls.ExternalValidatorControl/ControlManifest.xml</FileName>
    </CustomControl>
    <CustomControl>
      <Name>ita_ItAintBoring.PCFControls.NToNMultiSelect</Name>
      <FileName>/Controls/ita_ItAintBoring.PCFControls.NToNMultiSelect/ControlManifest.xml</FileName>
    </CustomControl>
    <CustomControl>
      <Name>ita_ItAintBoring.PCFControls.TreeRelationships</Name>
      <FileName>/Controls/ita_ItAintBoring.PCFControls.TreeRelationships/ControlManifest.xml</FileName>
    </CustomControl>
    <CustomControl>
      <Name>ita_ItAintBoring.PCFControls.ValidatedInputControl</Name>
      <FileName>/Controls/ita_ItAintBoring.PCFControls.ValidatedInputControl/ControlManifest.xml</FileName>
    </CustomControl>
    <CustomControl>
      <Name>ita_ItAintBoring.PCFControls.IFrameControl</Name>
      <FileName>/Controls/ita_ItAintBoring.PCFControls.IFrameControl/ControlManifest.xml</FileName>
    </CustomControl>
    <CustomControl>
      <Name>ita_ItAintBoring.PCFControls.CheckBoxList</Name>
      <FileName>/Controls/ita_ItAintBoring.PCFControls.CheckBoxList/ControlManifest.xml</FileName>
    </CustomControl>
  </CustomControls>
  <SolutionPluginAssemblies>
    <PluginAssembly FullName="ItAintBoring.PCFSupport, Version=1.0.0.0, Culture=neutral, PublicKeyToken=3a158356550d7825" PluginAssemblyId="4ce0f259-c7a8-4694-924b-9f3f84c5044f" CustomizationLevel="1">
      <IsolationMode>2</IsolationMode>
      <SourceType>0</SourceType>
      <IntroducedVersion>1.0</IntroducedVersion>
      <FileName>/PluginAssemblies/ItAintBoringPCFSupport-4CE0F259-C7A8-4694-924B-9F3F84C5044F/ItAintBoringPCFSupport.dll</FileName>
      <PluginTypes>
        <PluginType AssemblyQualifiedName="ItAintBoring.PCFSupport.NToNPlugin, ItAintBoring.PCFSupport, Version=1.0.0.0, Culture=neutral, PublicKeyToken=3a158356550d7825" PluginTypeId="391fe3cf-2d03-46af-aa1c-e1f8a7b4d707" Name="ItAintBoring.PCFSupport.NToNPlugin">
          <FriendlyName>5f539fbb-5b4d-4d9e-b514-4727e8c3032b</FriendlyName>
        </PluginType>
      </PluginTypes>
    </PluginAssembly>
  </SolutionPluginAssemblies>
  <EntityDataProviders />
  <Languages>
    <Language>1033</Language>
    <Language>1036</Language>
  </Languages>
</ImportExportXml>