<ImportExportXml version="9.1.0.14428" SolutionPackageVersion="9.1" languagecode="1033" generatedBy="CrmLive" xmlns:xsi="http://www.w3.org/2001/XMLSchema-instance">
  <SolutionManifest>
    <UniqueName>PCFControlsDemo</UniqueName>
    <LocalizedNames>
      <LocalizedName description="PCF Controls Demo" languagecode="1033" />
    </LocalizedNames>
    <Descriptions />
    <Version>1.0.0.2</Version>
    <Managed>0</Managed>
    <Publisher>
      <UniqueName>itaintboring</UniqueName>
      <LocalizedNames>
        <LocalizedName description="ItAintBoring" languagecode="1033" />
      </LocalizedNames>
      <Descriptions>
        <Description description="ItAintBoring" languagecode="1033" />
      </Descriptions>
      <EMailAddress xsi:nil="true"></EMailAddress>
      <SupportingWebsiteUrl>http://www.itaintboring.com</SupportingWebsiteUrl>
      <CustomizationPrefix>ita</CustomizationPrefix>
      <CustomizationOptionValuePrefix>55678</CustomizationOptionValuePrefix>
      <Addresses>
        <Address>
          <AddressNumber>1</AddressNumber>
          <AddressTypeCode>1</AddressTypeCode>
          <City xsi:nil="true"></City>
          <County xsi:nil="true"></County>
          <Country xsi:nil="true"></Country>
          <Fax xsi:nil="true"></Fax>
          <FreightTermsCode xsi:nil="true"></FreightTermsCode>
          <ImportSequenceNumber xsi:nil="true"></ImportSequenceNumber>
          <Latitude xsi:nil="true"></Latitude>
          <Line1 xsi:nil="true"></Line1>
          <Line2 xsi:nil="true"></Line2>
          <Line3 xsi:nil="true"></Line3>
          <Longitude xsi:nil="true"></Longitude>
          <Name xsi:nil="true"></Name>
          <PostalCode xsi:nil="true"></PostalCode>
          <PostOfficeBox xsi:nil="true"></PostOfficeBox>
          <PrimaryContactName xsi:nil="true"></PrimaryContactName>
          <ShippingMethodCode>1</ShippingMethodCode>
          <StateOrProvince xsi:nil="true"></StateOrProvince>
          <Telephone1 xsi:nil="true"></Telephone1>
          <Telephone2 xsi:nil="true"></Telephone2>
          <Telephone3 xsi:nil="true"></Telephone3>
          <TimeZoneRuleVersionNumber xsi:nil="true"></TimeZoneRuleVersionNumber>
          <UPSZone xsi:nil="true"></UPSZone>
          <UTCOffset xsi:nil="true"></UTCOffset>
          <UTCConversionTimeZoneCode xsi:nil="true"></UTCConversionTimeZoneCode>
        </Address>
        <Address>
          <AddressNumber>2</AddressNumber>
          <AddressTypeCode>1</AddressTypeCode>
          <City xsi:nil="true"></City>
          <County xsi:nil="true"></County>
          <Country xsi:nil="true"></Country>
          <Fax xsi:nil="true"></Fax>
          <FreightTermsCode xsi:nil="true"></FreightTermsCode>
          <ImportSequenceNumber xsi:nil="true"></ImportSequenceNumber>
          <Latitude xsi:nil="true"></Latitude>
          <Line1 xsi:nil="true"></Line1>
          <Line2 xsi:nil="true"></Line2>
          <Line3 xsi:nil="true"></Line3>
          <Longitude xsi:nil="true"></Longitude>
          <Name xsi:nil="true"></Name>
          <PostalCode xsi:nil="true"></PostalCode>
          <PostOfficeBox xsi:nil="true"></PostOfficeBox>
          <PrimaryContactName xsi:nil="true"></PrimaryContactName>
          <ShippingMethodCode>1</ShippingMethodCode>
          <StateOrProvince xsi:nil="true"></StateOrProvince>
          <Telephone1 xsi:nil="true"></Telephone1>
          <Telephone2 xsi:nil="true"></Telephone2>
          <Telephone3 xsi:nil="true"></Telephone3>
          <TimeZoneRuleVersionNumber xsi:nil="true"></TimeZoneRuleVersionNumber>
          <UPSZone xsi:nil="true"></UPSZone>
          <UTCOffset xsi:nil="true"></UTCOffset>
          <UTCConversionTimeZoneCode xsi:nil="true"></UTCConversionTimeZoneCode>
        </Address>
      </Addresses>
    </Publisher>
    <RootComponents>
      <RootComponent type="1" schemaName="ita_request" behavior="0" />
      <RootComponent type="1" schemaName="ita_tag" behavior="0" />
      <RootComponent type="1" schemaName="ita__checkitem" behavior="0" />
      <RootComponent type="1" schemaName="ita__controlstest" behavior="0" />
      <RootComponent type="1" schemaName="new_test" behavior="0" />
      <RootComponent type="20" id="{0902fe63-7d46-ea11-a812-000d3af46757}" behavior="0" />
      <RootComponent type="60" id="{16e8d9c2-e123-418d-998d-ba83e135e009}" behavior="0" />
      <RootComponent type="60" id="{1efdb95a-63ee-4d61-97ec-f9d4f74ab9fd}" behavior="0" />
      <RootComponent type="60" id="{48d7845f-3fd7-46a0-846e-8274b4d5e6f0}" behavior="0" />
      <RootComponent type="60" id="{bd26a83e-6a37-4f10-855b-05f0549f5e47}" behavior="0" />
      <RootComponent type="60" id="{de797a3a-2160-ea11-a812-000d3af46489}" behavior="0" />
      <RootComponent type="61" schemaName="ita_/html/checkList.html" behavior="0" />
      <RootComponent type="61" schemaName="ita_/xml/FilteredTags.xml" behavior="0" />
      <RootComponent type="61" schemaName="new_test.js" behavior="0" />
      <RootComponent type="62" schemaName="ita__ITAPCFTEST" behavior="0" />
      <RootComponent type="80" schemaName="ita__ITAPCFTEST" behavior="0" />
      <RootComponent type="92" id="{72a8e121-9544-ea11-a812-000d3af46489}" behavior="0" />
    </RootComponents>
    <MissingDependencies>
      <MissingDependency>
        <Required key="0" type="66" schemaName="ita_ItAintBoring.PCFControls.NToNMultiSelect" displayName="ita_ItAintBoring.PCFControls.NToNMultiSelect" solution="Active" />
        <Dependent key="1" type="60" displayName="Multiselect" parentDisplayName="Test" id="{1efdb95a-63ee-4d61-97ec-f9d4f74ab9fd}" />
      </MissingDependency>
      <MissingDependency>
        <Required key="2" type="66" schemaName="ita_ItAintBoring.PCFControls.ValidatedInputControl" displayName="ita_ItAintBoring.PCFControls.ValidatedInputControl" solution="Active" />
        <Dependent key="3" type="60" displayName="Information" parentDisplayName="Controls Test" id="{db8641f0-dc3f-4b11-a952-96ade8783b62}" />
      </MissingDependency>
      <MissingDependency>
        <Required key="4" type="66" schemaName="ita_ItAintBoring.PCFControls.TreeRelationships" displayName="ita_ItAintBoring.PCFControls.TreeRelationships" solution="Active" />
        <Dependent key="5" type="60" displayName="Information" parentDisplayName="Request" id="{16e8d9c2-e123-418d-998d-ba83e135e009}" />
      </MissingDependency>
      <MissingDependency>
        <Required key="0" type="66" schemaName="ita_ItAintBoring.PCFControls.NToNMultiSelect" displayName="ita_ItAintBoring.PCFControls.NToNMultiSelect" solution="Active" />
        <Dependent key="6" type="60" displayName="New Form" parentDisplayName="Test" id="{bd26a83e-6a37-4f10-855b-05f0549f5e47}" />
      </MissingDependency>
      <MissingDependency>
        <Required key="7" type="66" schemaName="ita_ItAintBoring.PCFControls.ExternalValidatorControl" displayName="ita_ItAintBoring.PCFControls.ExternalValidatorControl" solution="Active" />
        <Dependent key="8" type="60" displayName="External Validator" parentDisplayName="Test" id="{de797a3a-2160-ea11-a812-000d3af46489}" />
      </MissingDependency>
      <MissingDependency>
        <Required key="9" type="66" schemaName="ita_ItAintBoring.PCFControls.IFrameControl" displayName="ita_ItAintBoring.PCFControls.IFrameControl" solution="Active" />
        <Dependent key="10" type="60" displayName="Information" parentDisplayName="Test" id="{48d7845f-3fd7-46a0-846e-8274b4d5e6f0}" />
      </MissingDependency>
      <MissingDependency>
        <Required key="4" type="66" schemaName="ita_ItAintBoring.PCFControls.TreeRelationships" displayName="ita_ItAintBoring.PCFControls.TreeRelationships" solution="Active" />
        <Dependent key="10" type="60" displayName="Information" parentDisplayName="Test" id="{48d7845f-3fd7-46a0-846e-8274b4d5e6f0}" />
      </MissingDependency>
      <MissingDependency>
        <Required key="0" type="66" schemaName="ita_ItAintBoring.PCFControls.NToNMultiSelect" displayName="ita_ItAintBoring.PCFControls.NToNMultiSelect" solution="Active" />
        <Dependent key="10" type="60" displayName="Information" parentDisplayName="Test" id="{48d7845f-3fd7-46a0-846e-8274b4d5e6f0}" />
      </MissingDependency>
      <MissingDependency>
        <Required key="11" type="66" schemaName="ita_ItAintBoring.PCFControls.CheckBoxList" displayName="ita_ItAintBoring.PCFControls.CheckBoxList" solution="Active" />
        <Dependent key="10" type="60" displayName="Information" parentDisplayName="Test" id="{48d7845f-3fd7-46a0-846e-8274b4d5e6f0}" />
      </MissingDependency>
      <MissingDependency>
        <Required key="12" type="61" schemaName="msdyn_/Images/AppModule_Default_Icon.png" displayName="msdyn_/Images/AppModule_Default_Icon.png" solution="AppModuleWebResources (2.5)" />
        <Dependent key="13" type="80" schemaName="ita__ITAPCFTEST" displayName="ITA PCF TEST" />
      </MissingDependency>
      <MissingDependency>
        <Required key="14" type="90" schemaName="ItAintBoring.PCFSupport.NToNPlugin, ItAintBoring.PCFSupport, Version=1.0.0.0, Culture=neutral, PublicKeyToken=3a158356550d7825" displayName="ItAintBoring.PCFSupport.NToNPlugin" solution="Active" id="{391fe3cf-2d03-46af-aa1c-e1f8a7b4d707}" />
        <Dependent key="15" type="92" displayName="ItAintBoring.PCFSupport.NToNPlugin: Create of new_test" id="{72a8e121-9544-ea11-a812-000d3af46489}" />
      </MissingDependency>
    </MissingDependencies>
  </SolutionManifest>
</ImportExportXml>