<?xml version="1.0" encoding="UTF-8" standalone="yes"?>
<manifest>
  <control namespace="ItAintBoring.PCFControls" constructor="ITAWordTemplate" version="0.0.50" display-name-key="ITAWordTemplate" description-key="Word Template Control description" control-type="standard" api-version="1.2.3">
    <property name="value" display-name-key="Anchor Property" description-key="Anchor Property to use for IFrame renderign" of-type-group="AnyType" usage="bound" required="true"/>
    <property name="FlowUrl" display-name-key="Flow Url" description-key="Flow Url" of-type="Multiple" usage="input" required="true"/>
    <property name="FileName" display-name-key="File Name" description-key="File Name" of-type="SingleLine.Text" usage="input" required="true"/>
    <property name="ButtonTitle" display-name-key="Button Title" description-key="Title" of-type="SingleLine.Text" usage="input" required="true"/>
    <type-group name="AnyType">
      <type>Whole.None</type>
      <type>Currency</type>
      <type>FP</type>
      <type>Decimal</type>
      <type>SingleLine.Text</type>
      <type>Multiple</type>
    </type-group>
    <resources>
      <code path="bundle.js" order="1"/>
      <css path="css/bootstrap.min.css" order="50"/>
    </resources>
    <built-by name="pac" version="1.3.6"/>
  </control>
</manifest>