﻿<?xml version="1.0" encoding="utf-8"?>
<ImportExportXml xmlns:xsi="http://www.w3.org/2001/XMLSchema-instance">
  <Entities />
  <Roles />
  <Workflows />
  <FieldSecurityProfiles />
  <Templates />
  <EntityMaps />
  <EntityRelationships />
  <OrganizationSettings />
  <optionsets />
  <CustomControls>
    <CustomControl>
      <Name>ita_ItAintBoring.PCFControls.CheckBoxList</Name>
      <FileName>/Controls/ita_ItAintBoring.PCFControls.CheckBoxList/ControlManifest.xml</FileName>
    </CustomControl>
    <CustomControl>
      <Name>ita_ItAintBoring.PCFControls.ExternalValidatorControl</Name>
      <FileName>/Controls/ita_ItAintBoring.PCFControls.ExternalValidatorControl/ControlManifest.xml</FileName>
    </CustomControl>
    <CustomControl>
      <Name>ita_ItAintBoring.PCFControls.IFrameControl</Name>
      <FileName>/Controls/ita_ItAintBoring.PCFControls.IFrameControl/ControlManifest.xml</FileName>
    </CustomControl>
    <CustomControl>
      <Name>ita_ItAintBoring.PCFControls.NToNMultiSelect</Name>
      <FileName>/Controls/ita_ItAintBoring.PCFControls.NToNMultiSelect/ControlManifest.xml</FileName>
    </CustomControl>
    <CustomControl>
      <Name>ita_ItAintBoring.PCFControls.TreeRelationships</Name>
      <FileName>/Controls/ita_ItAintBoring.PCFControls.TreeRelationships/ControlManifest.xml</FileName>
    </CustomControl>
    <CustomControl>
      <Name>ita_ItAintBoring.PCFControls.ValidatedInputControl</Name>
      <FileName>/Controls/ita_ItAintBoring.PCFControls.ValidatedInputControl/ControlManifest.xml</FileName>
    </CustomControl>
  </CustomControls>
  <EntityDataProviders />
  <Languages>
    <Language>1033</Language>
  </Languages>
</ImportExportXml>